<?xml version="1.0"?>
<mosinstall type="component" version="1.0">
	<name param1="value_param">juser</name>
	<creationDate>25.05.2007</creationDate>
	<author>Joomlaequipment</author>
	<copyright>Joomlaequipment 2007</copyright>
	<license>GNU/GPL http://www.gnu.org/copyleft/gpl.html</license>
	<authorEmail>support@joomlaequipment.com</authorEmail>
	<authorUrl>http://joomlaequipment.com</authorUrl>
	<version>2.0.8</version>
	<description>Registration Manager</description>
	<files>
		<filename>index.html</filename>
		<filename>user_card.html</filename>
		<filename>juser.html.php</filename>
		<filename>juser.php</filename>
	</files>
	<install>
    <queries>
      <query><![CDATA[
       CREATE TABLE IF NOT EXISTS `#__juser_integration` (
         `id` int(11) NOT NULL auto_increment,
         `component` varchar(50) NOT NULL default '',
         `published` tinyint(1) NOT NULL default '0',
         `export_status` int(11) NOT NULL default '0',
         `import_status` int(11) NOT NULL default '0',
         `integration_data` datetime NOT NULL default '0000-00-00 00:00:00',
         PRIMARY KEY  (`id`)
       ) TYPE=MyISAM;
     ]]></query>
     <query><![CDATA[
       CREATE TABLE IF NOT EXISTS `#__juser_integration_cash` (
         `id` int(11) NOT NULL auto_increment,
         `name` varchar(30) NOT NULL default '',
         `component_id` int(11) NOT NULL default '0',
         `user_id` int(11) NOT NULL default '0',
         `value` text NOT NULL,
         `mdate` datetime NOT NULL default '0000-00-00 00:00:00',
         PRIMARY KEY  (`id`)
       ) TYPE=MyISAM;
     ]]></query>
     <query><![CDATA[
       CREATE TABLE IF NOT EXISTS `#__juser_integration_comparisons` (
        `id` int(11) NOT NULL auto_increment,
        `ident` text NOT NULL,
        `name` text NOT NULL,
        `component_id` int(11) NOT NULL default '0',
        `juser_field_id` int(11) NOT NULL default '0',
        `static_juser_field` text NOT NULL,
        `default_value` text NOT NULL,
        `integrate` varchar(30) NOT NULL default '0',
        `m_date` datetime NOT NULL default '0000-00-00 00:00:00',
        PRIMARY KEY  (`id`)
      ) TYPE=MyISAM;
      ]]></query>
       <query><![CDATA[TRUNCATE TABLE `#__juser_integration`; ]]></query>
       <query><![CDATA[TRUNCATE TABLE `#__juser_integration_cash`; ]]></query>
       <query><![CDATA[TRUNCATE TABLE `#__juser_integration_comparisons`; ]]></query>
       <query><![CDATA[
        CREATE TABLE IF NOT EXISTS `#__je_config` (
              `id` int(10) unsigned NOT NULL auto_increment,
              `component` varchar(30) NOT NULL default '',
              `section` varchar(45) NOT NULL default '',
              `lable` varchar(255) NOT NULL default '',
              `name` varchar(45) NOT NULL default '',
              `type` set('selectlist', 'yesno', 'dropdown', 'text', 'textarea', 'page', 'directory', 'sections', 'static_content', 'categories_multiple') NOT NULL default '',
              `description` tinytext NOT NULL,
              `values` tinytext NOT NULL,
              `selected` tinytext NOT NULL,
              `hidden` enum('Y','N') NOT NULL default 'N',
              `fieldset` varchar(45) NOT NULL default '',
              PRIMARY KEY  (`id`),
              UNIQUE KEY `name` (`name`)
            ) TYPE=MyISAM;
       ]]></query>
       <query><![CDATA[
       CREATE TABLE IF NOT EXISTS `#__juser_users_additional_data` (
           `id` int(11) NOT NULL auto_increment,
           `user_id` int(11) NOT NULL default '0',
           `avatar` text NOT NULL,
           `email_valid` int(11) default NULL,
           `mtime` datetime NOT NULL default '0000-00-00 00:00:00',
           PRIMARY KEY  (`id`)
       ) TYPE=MyISAM;
      ]]></query>
      <query><![CDATA[
        DELETE FROM `#__je_config` WHERE `component` = 'com_juser'; ]]></query>
      <query><![CDATA[
        ALTER TABLE `#__je_config` CHANGE `type` `type` SET('selectlist', 'yesno', 'dropdown', 'text', 'textarea', 'page', 'directory', 'sections', 'static_content', 'categories_multiple') NOT NULL
       ]]></query>
      <query><![CDATA[
        CREATE TABLE IF NOT EXISTS `#__extending_field_list` (
            `id` int(11) NOT NULL auto_increment,
            `title` varchar(255) NOT NULL default '',
            `published` tinyint(1) NOT NULL default '1',
            `required` tinyint(1) NOT NULL default '0',
            `validate` varchar(255) NOT NULL default '',
            `type` varchar(255) NOT NULL default '',
            `size` int(11) NOT NULL default '30',
            `size_vertical` int(11) NOT NULL default '10',
            `uvalues` text NOT NULL,
            `table_align` varchar(50) NOT NULL default '',
            `changeable` tinyint(1) NOT NULL default '1',
            `unique_field` tinyint(1) NOT NULL default '0',
            `search_by_this_field` tinyint(1) NOT NULL default '0',
            `description` varchar(250) NOT NULL default '',
            `valid_error_msg` varchar(250) NOT NULL default '',
            `count_cols` int(6) NOT NULL default '0',
            `show_at_reg` tinyint(1) NOT NULL default '1',
            `show_at_edit` tinyint(1) NOT NULL default '1',
            `display_at_users_list` int(11) NOT NULL default '1',
            `ordering` int(6) NOT NULL default '0',
            `alternative_value` int(6) NOT NULL default '0',
            `default_value` text NOT NULL default '',
            `access` int(11) unsigned NOT NULL default '0',
            `checked_out` int(11) NOT NULL default '0',
            `checked_out_time` datetime NOT NULL default '0000-00-00 00:00:00',
            `catid` int(11) NOT NULL default '0',
          PRIMARY KEY  (`id`)
        ) TYPE=MyISAM;
       ]]></query>
      <query><![CDATA[
        CREATE TABLE IF NOT EXISTS `#__users_extended_data` (
          `id` int(11) NOT NULL auto_increment,
          `user_id` int NOT NULL default 0,
          `field_id` int NOT NULL default 0,
          `uvalue` text NOT NULL default '',
          `ctime` datetime NOT NULL default '0000-00-00 00:00:00',
          PRIMARY KEY  (`id`),
          KEY `second` (`user_id`),
          KEY `third` (`field_id`)
        ) TYPE=MyISAM AUTO_INCREMENT=1 ;
       ]]></query>
      <query><![CDATA[ DELETE FROM `#__categories` WHERE `section` = 'com_extending_field_list' ]]></query>
      <query><![CDATA[
INSERT INTO `#__categories` (`id`, `parent_id`, `title`, `name`, `image`, `section`, `image_position`, `description`, `published`, `checked_out`, `checked_out_time`, `editor`, `ordering`, `access`, `count`, `params`) VALUES ( 900, 0, 'Additional Information', 'Personal', '', 'com_extending_field_list', 'left', '', 1, 62, '2007-03-30 14:36:58', NULL, 2, 0, 0, '')
       ]]></query>
      <query><![CDATA[
        INSERT INTO `#__je_config`
        ( `component`, `section`, `lable`, `name`, `type`, `description`, `values`, `selected`, `hidden`, `fieldset`) VALUES ( 'com_juser', 'general', 'Required field', 'required_field', 'selectlist', 'Mark required fields', 'bold, sign *, border,underline', 'sign *', 'N', 'Field list'),
        ( 'com_juser', 'general', 'Required color', 'required_color', 'text', 'Required color', '', '', 'N', 'Field list'),
        ( 'com_juser', 'general', 'Title position', 'title_position', 'selectlist', 'Title position', 'Over field, On the left', 'On the left', 'N', 'Field list'),
        ( 'com_juser', 'general', 'Registraton policy', 'registraton_policy', 'page', 'Registraton policy', '', '5', 'N', 'Field list'),
        ( 'com_juser', 'general', 'Registraton policy display type', 'registraton_policy_display_type', 'selectlist', 'Registraton policy display type', 'Link, Text, ScrollText', 'ScrollText', 'N', 'Field list'),
        ( 'com_juser', 'general', 'Uploaded file directory', 'uploaded_file_directory', 'directory', 'Uploaded file directory', '/administrator/components/com_juser/files/', '', 'N', 'Uploaded file'),
        ( 'com_juser', 'general', 'Allowed extends', 'allowed_extends', 'textarea', 'Allowed extends', '', 'jpg\r\npng\r\ngif', 'N', 'Uploaded file'),
        ( 'com_juser', 'general', 'Newsletters Categories', 'newsletters_categories', 'categories_multiple', 'Newsletters Categories', 'Over field, On the left', '', 'N', 'News Letters'),
        ( 'com_juser', 'general', 'Show users list', 'show_users_list', 'yesno', 'Show users list', '', '0', 'N', 'Users List'),
        ( 'com_juser', 'general', 'Cards on one page', 'count_cards', 'dropdown', 'Cards on one page', '5, 10, 15, 20, 25, 30, 50', '5', 'N', 'Users List'),
        ( 'com_juser', 'general', 'Show name', 'show_name_at_userlist', 'yesno', 'Show name', '', '0', 'N', 'Users List'),
        ( 'com_juser', 'general', 'Show Email', 'show_email_at_userlist', 'yesno', 'Show Email', '', '0', 'N', 'Users List'),
        ( 'com_juser', 'general', 'Show Data Registration', 'show_reg_date_at_userlist', 'yesno', 'Show Data Registration', '', '1', 'N', 'Users List'),
        ( 'com_juser', 'general', 'Show Last Visit', 'show_last_visit_at_userlist', 'yesno', 'Show Last Visit', '', '1', 'N', 'Users List'),
        ( 'com_juser', 'general', 'Show User Type', 'show_usertype_at_userlist', 'yesno', 'Show User Type', '', '1', 'N', 'Users List'),
        ( 'com_juser', 'general', 'Show Avatar', 'show_avatar_at_userlist', 'yesno', 'Show Avatar', '', '1', 'N', 'Users List'),
        ( 'com_juser', 'general', 'Enable avatar', 'enable_avatar', 'yesno', 'Enable avatar', '', '0', 'N', 'Avatar'),
        ( 'com_juser', 'general', 'Required avatar', 'required_avatar', 'yesno', 'Required avatar', '', '0', 'N', 'Avatar'),
        ( 'com_juser', 'general', 'Max size (pixels)', 'max_size', 'dropdown', 'Max size (pixels)', '80, 90,100,110,120,130,140,150', '100', 'N', 'Avatar'),
        ( 'com_juser', 'general', 'Uploaded Avatar Directory', 'uploaded_avatar_directory', 'directory', 'Uploaded Avatar Directory', '/images/', '', 'N', 'Avatar'),
        ( 'com_juser', 'general', 'Allowed extends', 'avatar_allowed_extends', 'textarea', 'Allowed extends', '', 'jpg\r\npng\r\ngif', 'N', 'Avatar'),
        ( 'com_juser', 'general', 'Show search filter', 'filters_show_search', 'yesno', 'Show search filter', ' ', '1', 'N', 'User Filters'),
        ( 'com_juser', 'general', 'Show core filters', 'filters_show_corefilters', 'yesno', 'Show core filters', ' ', '1', 'N', 'User Filters'),
        ( 'com_juser', 'general', 'Show additional filters', 'filters_show_additionalfilters', 'yesno', 'Show additional filters', ' ', '1', 'N', 'User Filters'),
        ( 'com_juser', 'general', 'Manual activation user', 'activationuser_manual', 'yesno', 'Manual activation user', ' ', '0', 'N', 'Activation Users'),
        ( 'com_juser', 'general', 'Content after registration', 'content_after_registration', 'static_content', 'Static content, which show after user registration', ' ', '0', 'N', 'User Registration'),
        ('com_juser', 'general', 'Count chars in captcha', 'count_chars_captcha', 'selectlist', 'Count chars in captcha', '4, 5, 6, 7, 8, 9, 10', '4', 'N', 'Captcha'),
        ('com_juser', 'general', 'Character set', 'captcha_character_set', 'selectlist', 'Character set', 'letters and numerals, letters only, numerals only', 'letters and numerals', 'N', 'Captcha'),
        ('com_juser', 'general', 'Captcha on/off', 'captcha_on', 'yesno', 'Captcha on/off', '', '1', 'N', 'Captcha'),
        ('com_juser', 'general', 'Date format', 'date_format', 'selectlist', 'Date format', 'YYYY-MM-DD, YYYY-DD-MM, MM-DD-YYYY, MM-YYYY-DD, DD-MM-YYYY, DD-YYYY-MM', 'YYYY-MM-DD', 'N', 'Other');
       ]]></query>
      <query><![CDATA[
        INSERT INTO `#__extending_field_list`
        (`catid`, `title`,`published`,`required`,`validate`,`type`, `size`, `size_vertical`, `uvalues`,`ordering`)
         VALUES (900, 'Age: ', 1, 1, '','select','','','18-25\r\n26-35\r\n36-45\r\n46-55\r\n56-65\r\n66-75\r\n75-85\r\n86-95\r\n96-105\r\n106-115',1);
       ]]></query>
      <query><![CDATA[
        INSERT INTO `#__extending_field_list`
        (`catid`, `title`,`published`,`required`,`validate`,`type`, `size`, `size_vertical`, `uvalues`,`ordering`)
         VALUES ( 900,  'Country: ', 1, 1, '','select','','','Afghanistan\r\nAlbania\r\nAlgeria\r\nAmerican Samoa\r\nAndorra\r\nAngola\r\nAnguilla\r\nAntigua\r\nAntilles\r\nArgentina\r\nArmenia\r\nAruba\r\nAscension Island\r\nAustralia\r\nAustria\r\nAzerbaijan\r\nBahamas\r\nBahrain\r\nBangladesh\r\nBarbados\r\nBarbuda\r\nBelarus\r\nBelgium\r\nBelize\r\nBenin\r\nBermuda\r\nBhutan\r\nBolivia\r\nBotswana\r\nBrazil\r\nBrunei\r\nBulgaria\r\nBurkina Faso\r\nBurundi\r\nCambodia\r\nCameroon\r\nCanada\r\nCanary Islands\r\nCayman Islands\r\nChad\r\nChile, Rep. of\r\nChina\r\nChristmas Island\r\nColombia\r\nComoros\r\nCook Islands\r\nCosta Rica\r\nCroatia\r\nCuba\r\nCyprus\r\nCzech Rep.\r\nDenmark\r\nDiego Garcia\r\nDjibouti\r\nDominica\r\nDominican Rep.\r\nEcuador\r\nEgypt\r\nEl Salvador\r\nEritrea\r\nEstonia\r\nEthiopia\r\nFaeroe Islands\r\nFalkland Islands\r\nFiji\r\nFinland\r\nFrance\r\nFrench Antilles\r\nFrench Guiana\r\nFrench Polynesia\r\nGabon\r\nGambia\r\nGeorgia\r\nGermany\r\nGhana\r\nGibraltar\r\nGreece\r\nGreenland\r\nGrenada\r\nGuadeloupe\r\nGuatemala\r\nGuinea\r\nGuinea-Bissau\r\nGuyana\r\nHaiti\r\nHonduras\r\nHong Kong\r\nHungary\r\nIceland\r\nIndia\r\nIndonesia\r\nIraq\r\nIreland\r\nIsrael\r\nItaly\r\nJamaica\r\nJapan\r\nJordan\r\nKazakhstan\r\nKenya\r\nKiribati\r\nKorea, North\r\nKorea, South\r\nKuwait\r\nKyrgyzstan\r\nLaos\r\nLatvia\r\nLebanon\r\nLesotho\r\nLiberia\r\nLiechtenstein\r\nLithuania\r\nLuxembourg\r\nMacau\r\nMadagascar\r\nMalawi\r\nMalaysia\r\nMaldives\r\nMali\r\nMalta\r\nMarshall Islands\r\nMartinique\r\nMauritania\r\nMauritius\r\nMayotte Island\r\nMexico\r\nMoldova, Rep. of\r\nMonaco\r\nMongolia\r\nMontserrat\r\nMorocco\r\nMozambique\r\nMyanmar\r\nNamibia\r\nNauru\r\nNepal\r\nNetherlands\r\nNevis\r\nNew Caledonia\r\nNew Zealand\r\nNicaragua\r\nNiger\r\nNigeria\r\nNiue\r\nNorfolk Island\r\nNorway\r\nOman\r\nPakistan\r\nPalau\r\nPanama\r\nPapua New Guinea\r\nParaguay\r\nPeru\r\nPhilippines\r\nPoland\r\nPortugal\r\nPuerto Rico\r\nQatar\r\nReunion Island\r\nRomania\r\nRota Island\r\nRussia\r\nRwanda\r\nSaint Lucia\r\nSaipan Island\r\nSan Marino\r\nSaudi Arabia\r\nScotland\r\nSenegal\r\nSeychelles\r\nSierra Leone\r\nSingapore\r\nSlovakia\r\nSlovenia\r\nSolomon Islands\r\nSomalia\r\nSouth Africa\r\nSpain\r\nSri Lanka\r\nSt. Helena\r\nSt. Kitts\r\nSudan\r\nSuriname\r\nSwaziland\r\nSweden\r\nSwitzerland\r\nSyrian Arab Rep.\r\nTaiwan\r\nTajikistan\r\nTanzania\r\nThailand\r\nTinian Island\r\nTogo\r\nTokelau\r\nTonga\r\nTunisia\r\nTurkey\r\nTurkmenistan\r\nTuvalu\r\nUganda\r\nUkraine\r\nUnited Kingdom\r\nUruguay\r\nUSA\r\nUzbekistan\r\nVanuatu\r\nVatican City\r\nVenezuela\r\nViet Nam\r\nWales\r\nWestern Samoa\r\nYemen\r\nYugoslavia\r\nZambia\r\nZimbabwe',2);
         ]]></query>
        <query><![CDATA[
        INSERT INTO `#__extending_field_list`
        (`catid`, `title`,`published`,`required`,`validate`,`type`, `size`, `size_vertical`, `uvalues`,`ordering`)
         VALUES (900,  'Occupation: ', 1, 1, '','select','','','Aircraft pilot (private)\r\nComputer programming, information technology, etc.\r\nDentist\r\nEngineer or computer scientist\r\nFarming, ranching, forestry, or fishing\r\nInternet programming, web design, ISP, webmaster, etc.\r\nMilitary (Army, Marines, Air Force or other special corps)\r\nNurse, nursing, or similar health caretaker\r\nPharmacist\r\nProfessor, instructor or teacher in college/university\r\nStock broker, stock analyst, investment analyst\r\nStudent\r\nOther occupation',3);
         ]]></query>
        <query><![CDATA[
        INSERT INTO `#__extending_field_list`
        (`catid`, `title`,`published`,`required`,`validate`,`type`, `size`, `size_vertical`, `uvalues`,`ordering`)
         VALUES ( 900,  'Time set: ', 1, 1, '','select','','','(GMT -12:00) Eniwetok, Kwajalein\r\n(GMT -11:00) Midway Island, Samoa\r\n(GMT -10:00) Hawaii\r\n(GMT -9:00) Alaska\r\n(GMT -8:00) Pacific Time (US & Canada)\r\n(GMT -7:00) Mountain Time (US & Canada)\r\n(GMT -6:00) Central Time (US & Canada), Mexico City\r\n(GMT -5:00) Eastern Time (US & Canada), Bogota, Lima\r\n(GMT -4:00) Atlantic Time (Canada), Caracas, La Paz\r\n(GMT -3:30) Newfoundland\r\n(GMT -3:00) Brazil, Buenos Aires, Georgetown\r\n(GMT -2:00) Mid-Atlantic\r\n(GMT -1:00) Azores, Cape Verde Islands\r\n(GMT) Western Europe Time, London, Lisbon, Casablanca\r\n(GMT +1:00) Brussels, Copenhagen, Madrid, Paris\r\n(GMT +2:00) Kaliningrad, South Africa\r\n(GMT +3:00) Baghdad, Riyadh, Moscow, St. Petersburg\r\n(GMT +3:30) Tehran\r\n(GMT +4:00) Abu Dhabi, Muscat, Baku, Tbilisi\r\n(GMT +4:30) Kabul\r\n(GMT +5:00) Ekaterinburg, Islamabad, Karachi, Tashkent\r\n(GMT +5:30) Bombay, Calcutta, Madras, New Delhi\r\n(GMT +6:00) Almaty, Dhaka, Colombo\r\n(GMT +7:00) Bangkok, Hanoi, Jakarta\r\n(GMT +8:00) Beijing, Perth, Singapore, Hong Kong\r\n(GMT +9:00) Tokyo, Seoul, Osaka, Sapporo, Yakutsk\r\n(GMT +9:30) Adelaide, Darwin\r\n(GMT +10:00) Eastern Australia, Guam, Vladivostok\r\n(GMT +11:00) Magadan, Solomon Islands, New Caledonia\r\n(GMT +12:00) Auckland, Wellington, Fiji, Kamchatka',4)
       ; ]]> </query>
        <query><![CDATA[
        INSERT INTO `#__extending_field_list`
        (`catid`, `title`,`published`,`required`,`validate`,`type`, `size`, `size_vertical`, `uvalues`,`ordering`)
         VALUES (900, 'State: ', 1, 1, '','select','','','Alaska\r\nArizona\r\nArkansas\r\nCalifornia\r\nColorado\r\nConnecticut\r\nDelaware\r\nDistrict of Columbia\r\nFlorida\r\nGeorgia\r\nHawaii\r\nIdaho\r\nIllinois\r\nIndiana\r\nIowa\r\nKansas\r\nKentucky\r\nLouisiana\r\nMaine\r\nMaryland\r\nMassachusetts\r\nMichigan\r\nMinnesota\r\nMississippi\r\nMissouri\r\nMontana\r\nNebraska\r\nNevada\r\nNew Hampshire\r\nNew Jersey\r\nNew Mexico\r\nNew York\r\nNorth Carolina\r\nNorth Dakota\r\nOhio\r\nOklahoma\r\nOregon\r\nPennsylvania\r\nRhode Island\r\nSouth Carolina\r\nSouth Dakota\r\nTennessee\r\nTexas\r\nUtah\r\nVermont\r\nVirginia\r\nWashington\r\nWest Virginia\r\nWisconsin\r\nWyoming',5)
        ; ]]></query>
    </queries>
  </install>
  <uninstall>
      <query><![CDATA[ DELETE FROM `#__je_config` WHERE `component` = 'com_juser'; ]]></query>
      <query><![CDATA[ DROP TABLE `#__juser_integration` ]]></query>
  </uninstall>
  <installfile>install.juser.php</installfile>
  <administration>
    <menu>.JUser</menu>
    <files>
   		<filename>language/index.html</filename>
   		<filename>language/english.php</filename>
   		<filename>lib/lang/en.inc.php</filename>
   		<filename>lib/lang/prod.inc.php</filename>
   		<filename>lib/lang/de.inc.php</filename>
   		<filename>lib/imgdata_stars.inc.php</filename>
   		<filename>lib/jpgraph.php</filename>
   		<filename>lib/jpg-config.inc.php</filename>
   		<filename>lib/imgdata_balls.inc.php</filename>
   		<filename>lib/imgdata_diamonds.inc.php</filename>
   		<filename>lib/jpgraph_line.php</filename>
   		<filename>lib/gd_image.inc.php</filename>
   		<filename>lib/jpgraph_radar.php</filename>
   		<filename>lib/imgdata_pushpins.inc.php</filename>
   		<filename>lib/jpgraph_gradient.php</filename>
   		<filename>lib/jpgraph_errhandler.inc.php</filename>
   		<filename>lib/jpgraph_plotmark.inc.php</filename>
   		<filename>lib/jpgraph_plotband.php</filename>
   		<filename>lib/imgdata_bevels.inc.php</filename>
   		<filename>lib/jpgraph_pie3d.php</filename>
   		<filename>lib/jpgraph_bar.php</filename>
   		<filename>lib/jpgraph_ttf.inc.php</filename>
   		<filename>lib/imgdata_squares.inc.php</filename>
   		<filename>lib/jpgraph_utils.inc.php</filename>
   		<filename>lib/jpgraph_pie.php</filename>
   		<filename>lib/jpgraph_antispam.php</filename>
   		<filename>xajax/xajax_core/plugin_layer/xajaxDefaultIncludePlugin.inc.php</filename>
   		<filename>xajax/xajax_core/plugin_layer/xajaxRequestProcessorPlugin.inc.php</filename>
   		<filename>xajax/xajax_core/plugin_layer/xajaxPluginManager.inc.php</filename>
   		<filename>xajax/xajax_core/plugin_layer/xajaxDefaultRequestProcessorPlugin.inc.php</filename>
   		<filename>xajax/xajax_core/plugin_layer/xajaxResponsePlugin.inc.php</filename>
   		<filename>xajax/xajax_core/plugin_layer/xajaxIncludePlugin.inc.php</filename>
   		<filename>xajax/xajax_core/legacy.inc.php</filename>
   		<filename>xajax/xajax_core/xajaxCompress.inc.php</filename>
   		<filename>xajax/xajax_core/xajaxResponse.inc.php</filename>
   		<filename>xajax/xajax_core/xajax.inc.php</filename>
   		<filename>xajax/xajax_js/xajax.js</filename>
   		<filename>xajax/xajax_js/xajax_uncompressed.js</filename>
   		<filename>js/scriptaculous-js-1.7.0/lib/prototype.js</filename>
   		<filename>js/scriptaculous-js-1.7.0/src/builder.js</filename>
   		<filename>js/scriptaculous-js-1.7.0/src/effects.js</filename>
   		<filename>js/scriptaculous-js-1.7.0/src/unittest.js</filename>
   		<filename>js/scriptaculous-js-1.7.0/src/scriptaculous.js</filename>
   		<filename>js/scriptaculous-js-1.7.0/src/dragdrop.js</filename>
   		<filename>js/scriptaculous-js-1.7.0/src/slider.js</filename>
   		<filename>js/scriptaculous-js-1.7.0/src/controls.js</filename>
   		<filename>js/dropdown.js</filename>
   		<filename>img/default_avatar.jpg</filename>
   		<filename>img/load.gif</filename>
   		<filename>img/users.png</filename>
   		<filename>img/categories.png</filename>
   		<filename>img/config.png</filename>
   		<filename>img/edit.png</filename>
   		<filename>img/reports16.png</filename>
   		<filename>img/subscription.gif</filename>
   		<filename>img/xls.png</filename>
   		<filename>img/csv.png</filename>
   		<filename>img/messaging.png</filename>
   		<filename>img/check_email_big.png</filename>
   		<filename>img/check_email.png</filename>
   		<filename>img/import.png</filename>
   		<filename>toolbar.juser.php</filename>
   		<filename>install.juser.php</filename>
   		<filename>graph.php</filename>
   		<filename>export_table_data_xls.php</filename>
   		<filename>multi_graph.php</filename>
   		<filename>table_data.php</filename>
   		<filename>admin.juser.html.php</filename>
   		<filename>index.html</filename>
   		<filename>files/index.html</filename>
   		<filename>xajax_functions.php</filename>
   		<filename>juser.class.php</filename>
   		<filename>juser.xml</filename>
   		<filename>joomlaequipment.config.php</filename>
   		<filename>admin.juser.php</filename>
   		<filename>menubar.php</filename>
   		<filename>validate_email.php</filename>
   		<filename>toolbar.juser.html.php</filename>
   		<filename>buy_juser_pro.html</filename>
   		<filename>admin.juser.pro.php</filename>
   		<filename>integration/index.html</filename>
      <filename>additional_data.php</filename>
      <filename>update.php</filename>
    </files>
  </administration>
</mosinstall>
