<?xml version="1.0"?>
<mosinstall type="module" version="1.0.0">
	<name>JUser Login</name>
	<author>Joomlaequipment</author>
	<creationDate>March 2007</creationDate>
	<copyright>Joomlaequipment 2007</copyright>
	<license>GNU/GPL http://www.gnu.org/copyleft/gpl.html</license>
	<authorEmail>support@joomlaequipment.com</authorEmail>
	<authorUrl>www.joomlaequipment.com</authorUrl>
	<version>1.0.0</version>
	<description>This module displays a Username and Password login form. It also displays a link to retrieve a forgotten password. If user registration is enabled, (refer to the Configuration settings), then another link will be shown to invite users to self-register.</description>
	<files>
		<filename module="mod_juser_login">mod_juser_login.php</filename>
	</files>
	<params>
		<param name="moduleclass_sfx" type="text" default="" label="Module Class Suffix" description="A suffix to be applied to the css class of the module (table.moduletable), this allows individual module styling" />
		<param name="pretext" type="textarea" cols="20" rows="5" default="" label="Pre-text" description="This is the Text or HTML that is displayed above the login form" />
		<param name="posttext" type="textarea" cols="20" rows="5" label="Post-text" description="This is the Text or HTML that is displayed below the login form" />
		<param name="login" type="text" default="" label="Login Redirection URL" description="What page will the login redirect to after login, if let blank will load front page" />
		<param name="logout" type="text" default="" label="Logout Redirection URL" description="What page will the login redirect to after login, if let blank will load front page" />
		<param name="login_message" type="radio" default="0" label="Login Message" description="Show/Hide the javascript Pop-up indicating Login Success">
			<option value="0">Hide</option>
			<option value="1">Show</option>
		</param>
		<param name="logout_message" type="radio" default="0" label="Logout Message" description="Show/Hide the javascript Pop-up indicating Logout Success">
			<option value="0">Hide</option>
			<option value="1">Show</option>
		</param>
		<param name="greeting" type="radio" default="1" label="Greeting" description="Show/Hide the simple greeting text">
			<option value="0">No</option>
			<option value="1">Yes</option>
		</param>
		<param name="name" type="list" default="0" label="Name/Username">
			<option value="0">Username</option>
			<option value="1">Name</option>
		</param>
	</params>
</mosinstall>
