<?xml version="1.0"?>
<mosinstall type="module">
	<name>JUser Login</name>
	<author>Joomlaequipment</author>
	<creationDate>March 2007</creationDate>
	<copyright> Joomlaequipment 2007 </copyright>
	<license>GNU/GPL http://www.gnu.org/copyleft/gpl.html</license>
	<authorEmail>support@joomlaequipment.com</authorEmail>
	<authorUrl>www.joomlaequipment.com</authorUrl>
	<version>1.3.1 RC</version>
	<description>This module displays a Username and Password login form. It also displays a link to retrieve a forgotten password. If user registration is enabled, (refer to the Configuration settings), then another link will be shown to invite users to self-register.</description>
	
	<files>
		<filename module="mod_juser_login">mod_juser_login.php</filename>
		<filename>mod_jlogin/jl_style_comp.css</filename>
		<filename>mod_jlogin/jl_style_vert.css</filename>
		<filename>mod_jlogin/jl_style_horiz.css</filename>
		<filename>mod_jlogin/user.gif</filename>
		<filename>mod_jlogin/key.gif</filename>
	</files>
	
	<params>
		<param name="moduleclass_sfx" type="text" default="" label="Module Class Suffix" description="A suffix to be applied to the css class of the module (table.moduletable), this allows individual module styling" />
		<param name="pretext" type="textarea" cols="20" rows="5" default="" label="Pre-text" description="This is the Text or HTML that is displayed above the login form" />
		<param name="posttext" type="textarea" cols="20" rows="5" label="Post-text" description="This is the Text or HTML that is displayed below the login form" />
		<param name="login" type="text" default="" label="Login Redirection URL" description="What page will the login redirect to after login, if let blank will load front page" />
		<param name="logout" type="text" default="" label="Logout Redirection URL" description="What page will the login redirect to after login, if let blank will load front page" />
		<param name="login_message" type="radio" default="0" label="Login Message" description="Show/Hide the javascript Pop-up indicating Login Success">
			<option value="0">Hide</option>
			<option value="1">Show</option>
		</param>
	
	<param name="logout_message" type="radio" default="0" label="Logout Message" description="Show/Hide the javascript Pop-up indicating Logout Success">
			<option value="0">Hide</option>
			<option value="1">Show</option>
		</param>
	
	<param name="Greeting section" type="spacer" default="" label="Greeting section" description="Greeting message adjustments" />	
		<param name="greeting" type="radio" default="1" label="Greeting" description="Show/Hide the simple greeting text">
			<option value="0">No</option>
			<option value="1">Yes</option>
		</param>
		
		<param name="lastlog" type="radio" default="1" label="Show last visit">
			<option value="0">No</option>
			<option value="1">Yes</option>
		</param>
		
	<param name="showav" type="radio" default="1" label="Show JUser avatar" description="Show/Hide Juser avatar">
			<option value="0">No</option>
			<option value="1">Yes</option>
		</param>
		
	<param name="@spacer" type="spacer" default="" label="" description="" />
		
		<param name="regurl" type="list" default="0" label="Register component">
			<option value="0">JUser</option>
			<option value="1">Community Builder</option>
			<option value="2">Core Joomla</option>
		</param>
		
		<param name="showmen" type="radio" default="0" label="Show applied menu in the module" description="It will show menu in the module you apply below">
		<option value="0">No</option>
			<option value="1">Yes</option>
			</param>
		
	<param name="menutype" type="mos_menu" default="usermenu" label="Menu Name" description="The name of the menu (default is `usermenu`)" />
		
	<param name="logout_type" type="list" default="0" label="Use for logout" description="Here you can choose module logout method, standard button or link from usermenu. NOTE: for applying link type you need sure that it was usermenu applyed, if it is not there will be no logout way from the module.">
			<option value="0">Button</option>
			<option value="1">Link</option>
		</param>
		
	<param name="name" type="list" default="0" label="Name/Username">
			<option value="0">Username</option>
			<option value="1">Name</option>
		</param>
		
	<param name="regist" type="radio" default="1" label="Show register">
			<option value="0">No</option>
			<option value="1">Yes</option>
		</param>
		
	<param name="lostpas" type="radio" default="1" label="Show lost password">
			<option value="0">No</option>
			<option value="1">Yes</option>
		</param>
		
	<param name="remme" type="radio" default="1" label="Show remember me">
			<option value="0">No</option>
			<option value="1">Yes</option>
		</param>
		
	<param name="mplace" type="list" default="Vertical" label="The way module placed">
			<option value="0">Vertical</option>
			<option value="1">Horizontal</option>
			<option value="2">Compact</option>
		</param>
	</params>
</mosinstall>
